hops	PDR_BMRF_UNICAST_1	CI	Energy_BMRF_UNICAST_1	CI	Delay_BMRF_UNICAST_1	CI
1	97.900000000000006	0.45732492972601335	1.224869457359314	0.0037034203100816399	177.26958360940088	9.7152004587212843
2	94.977777777777789	0.62089930720465247	1.1338152302347819	0.00085230263168845077	324.3519027986917	15.276700169389358
3	nan	nan	nan	nan	nan	nan
4	nan	nan	nan	nan	nan	nan
5	nan	nan	nan	nan	nan	nan
6	nan	nan	nan	nan	nan	nan
