hops	PDR_BMRF_UNICAST_1	CI	Energy_BMRF_UNICAST_1	CI	Delay_BMRF_UNICAST_1	CI
1	100.0	nan	1.1996474098731995	0.0033061328521273303	177.011	14.435375418896996
2	99.875	0.19667576409054277	1.1921174433963775	0.0016480854023928071	304.16185475051265	21.861153746838852
3	99.599999999999994	0.1925636215349158	1.1333083378784179	0.00055400078034750777	437.80226891065257	25.44671696017059
4	nan	nan	nan	nan	nan	nan
5	nan	nan	nan	nan	nan	nan
6	nan	nan	nan	nan	nan	nan
