hops	PDR_BMRF_UNICAST_1	CI	Energy_BMRF_UNICAST_1	CI	Delay_BMRF_UNICAST_1	CI
1	100.0	nan	1.1677374665725708	0.0019084142148233507	156.28100000000001	11.184556397288901
2	100.0	nan	1.1654701653442383	0.0020810290601842585	329.67000000000002	61.267631200606445
3	99.900000000000006	0.19599639845399963	1.1632598459289549	0.0017566864366393986	478.82656565656561	82.559194192644952
4	99.799999999999997	0.26132853127201372	1.1612571411758421	0.0017006452594188204	628.30157575757573	68.241203721009356
5	99.799999999999997	0.26132853127201372	1.1333402262176513	0.0012687185901789633	824.46476767676756	95.173042552022935
6	nan	nan	nan	nan	nan	nan
