hops	PDR_BMRF_BROADCAST_1	CI	Energy_BMRF_BROADCAST_1	CI	Delay_BMRF_BROADCAST_1	CI
1	99.349999999999994	0.50711372157296353	1.6696769062797547	0.012230296795318063	245.95994942147701	0.43195047488521254
2	96.224999999999994	3.3571833609638304	7.6231998999538417	4.2778184057579027	711.27598450669996	0.57146974162549213
3	89.512500000000003	7.3095980622942847	14.052971075585745	4.0781419518402799	1176.4052300809574	0.44709181150960831
4	nan	nan	nan	nan	nan	nan
5	nan	nan	nan	nan	nan	nan
6	nan	nan	nan	nan	nan	nan
