hops	PDR_BMRF_BROADCAST_1	CI	Energy_BMRF_BROADCAST_1	CI	Delay_BMRF_BROADCAST_1	CI
1	99.799999999999997	0.26132853127201372	1.6614552431213379	0.011826801192170722	245.90149494949497	0.3876532211685344
2	99.5	0.43826127028829376	2.6601059619094847	0.01363791201952802	711.35628839414551	1.1842132254020044
3	98.700000000000003	0.9712319778813594	4.9768688673980712	2.6160630665464399	1176.6462620078335	1.3779615441867463
4	93.555555555555557	7.0373284892460077	14.816513584269204	4.6445255678182189	1643.2254375192849	1.4518120381078461
5	81.75	16.271200630951	20.206847956398008	7.6561102963680021	2107.6678677844975	1.1290517015381738
6	nan	nan	nan	nan	nan	nan
