hops	PDR_BMRF_UNICAST_1	CI	Energy_BMRF_UNICAST_1	CI	Delay_BMRF_UNICAST_1	CI
1	97.5	0.41605621497453171	0.91420060066680908	0.0034717854526660208	179.14468473955864	7.6942163641459729
2	94.133333333333326	0.98990631687117059	0.84358443595479327	0.048044306740486764	320.3495138692877	16.135736287215877
3	nan	nan	nan	nan	nan	nan
4	nan	nan	nan	nan	nan	nan
5	nan	nan	nan	nan	nan	nan
6	nan	nan	nan	nan	nan	nan
