hops	PDR_BMRF_UNICAST_1	CI	Energy_BMRF_UNICAST_1	CI	Delay_BMRF_UNICAST_1	CI
1	100.0	nan	0.88380018302917485	0.0037223592762775093	175.03783018867927	13.170343455476171
2	99.875	0.2449954980675102	0.87831083781242369	0.0024826219469574751	312.41239339690537	24.22168682694786
3	97.895833333333329	3.2926864274451617	0.93618931394863125	0.23222849273261281	465.8975161402177	21.271410891903713
4	nan	nan	nan	nan	nan	nan
5	nan	nan	nan	nan	nan	nan
6	nan	nan	nan	nan	nan	nan
