hops	PDR_BMRF_UNICAST_1	CI	Energy_BMRF_UNICAST_1	CI	Delay_BMRF_UNICAST_1	CI
1	100.0	nan	0.84999959591674812	0.0013792187052658056	160.65625	11.609716855059219
2	100.0	nan	0.84841032308006281	0.0013738830741423236	351.57499999999999	49.343761712705316
3	99.875	0.2449954980675102	0.84572948640632628	0.0011538258399003132	528.3036868686869	73.52196896589237
4	99.75	0.4899909961350204	0.85293644983291628	0.014941670313324273	648.97341836734699	76.459480567207493
5	87.142857142857139	11.886872609392512	1.6231296572570799	0.85082797151887846	843.20920466900782	117.34500209596615
6	nan	nan	nan	nan	nan	nan
