hops	PDR_BMRF_UNICAST_1	CI	Energy_BMRF_UNICAST_1	CI	Delay_BMRF_UNICAST_1	CI
1	95.666666666666657	2.7042557912632219	1.0274924266693115	0.014314226607098135	409.998353655941	169.40741346777412
2	87.206349206349202	5.1471601659395532	0.97394695234440398	0.014805547553430443	932.08069668818985	218.95747889626068
3	82.839866910866903	6.4901874907206434	1.1023960236293848	0.38459963400783037	1221.5769478855279	278.66361136140495
4	79.875	7.7773247199123858	1.1045065657075881	0.44864947523656684	1515.738834010634	436.82816919316429
5	nan	nan	nan	nan	2188.4360514117152	934.58890834429576
6	nan	nan	nan	nan	nan	nan
