hops	PDR_BMRF_UNICAST_1	CI	Energy_BMRF_UNICAST_1	CI	Delay_BMRF_UNICAST_1	CI
1	95.799999999999997	2.5917824253369304	0.97956409331970207	0.010029826946799547	248.02095527834817	62.464594565397277
2	85.18194444444444	4.7820205342295452	0.87722625439810431	0.0035547198714293016	455.36241051690422	110.87224302112656
3	73.170000000000002	16.221037115196836	0.87493376334991457	0.003648178199636587	770.91395077399113	246.08176411331181
4	1.0	nan	0.86612561297607416	nan	559.59090909090901	581.30749996017494
5	nan	nan	nan	nan	nan	nan
6	nan	nan	nan	nan	nan	nan
