hops	PDR_BMRF_BROADCAST_1	CI	Energy_BMRF_BROADCAST_1	CI	Delay_BMRF_BROADCAST_1	CI	PDR_BMRF_UNICAST_1	CI	Energy_BMRF_UNICAST_1	CI	Delay_BMRF_UNICAST_1	CI
1	99.36666666666666	0.20544736944067665	1.0675771501296996	0.0033051139035253918	76.125724266827859	13.911621544520614	99.733333333333334	0.16296697156811035	0.8746356044433593	0.0034969033268741345	153.91265233103633	16.961373664125148
2	97.188888888888897	2.3092807154340989	0.45706123831939693	0.0083173397011636063	343.92294176278489	16.180878364734724	99.62222222222222	0.11339117092623496	0.47045295982004803	0.010431977087749289	289.51326596445585	14.399686498780966
3	nan	nan	nan	nan	nan	nan	nan	nan	nan	nan	nan	nan
4	nan	nan	nan	nan	nan	nan	nan	nan	nan	nan	nan	nan
5	nan	nan	nan	nan	nan	nan	nan	nan	nan	nan	nan	nan
6	nan	nan	nan	nan	nan	nan	nan	nan	nan	nan	nan	nan
