hops	PDR_BMRF_BROADCAST_1	CI	Energy_BMRF_BROADCAST_1	CI	Delay_BMRF_BROADCAST_1	CI	PDR_BMRF_UNICAST_1	CI	Energy_BMRF_UNICAST_1	CI	Delay_BMRF_UNICAST_1	CI
1	99.700000000000003	0.29938944395139799	1.0786049810806273	0.0070323488018708691	81.519555555555556	25.686909554760263	100.0	nan	0.60020953253173825	0.0058947794676351695	82.483000000000004	25.638937749843379
2	89.599999999999994	19.299426086143143	1.0252795672531128	0.11877991684027034	344.75309482580911	22.473146985620133	99.900000000000006	0.19599639845399963	0.60981753052368171	0.0090320318889489659	151.02810101010101	25.589771099172083
3	80.799999999999997	20.903832403211027	0.95556011002807606	0.1277785203385754	649.39465343043594	30.329477947634587	99.799999999999997	0.26132853127201372	0.59148343308105467	0.0050852720515893735	259.2032929292929	26.63872702352711
4	80.599999999999994	20.835112668011902	0.91930347881469721	0.12355936148381708	918.87755070166202	40.911361286036822	99.599999999999994	0.32006077842368086	0.5806893908432007	0.0047600839560298924	355.04744444444447	32.596438105212144
5	85.777777777777771	13.601711429865389	0.4331828556213379	0.0051071215223549848	1184.858619987984	36.478547225021885	99.599999999999994	0.32006077842368086	0.43627934314270017	0.0045852610213916178	430.21074747474751	30.297565139755477
6	nan	nan	nan	nan	nan	nan	nan	nan	nan	nan	nan	nan
