hops	PDR_BMRF_BROADCAST_1	CI	Energy_BMRF_BROADCAST_1	CI	Delay_BMRF_BROADCAST_1	CI	PDR_BMRF_UNICAST_1	CI	Energy_BMRF_UNICAST_1	CI	Delay_BMRF_UNICAST_1	CI
1	100.0	nan	1.1840673717864989	0.014319037089657982	91.679000000000002	2.5890283460383188	100.0	nan	0.97548407047119134	0.10851183887369764	103.70999999999999	2.0428282963634388
2	97.799999999999997	1.9556036588173811	1.2449089835540772	0.014712263634719891	348.91186274399871	14.336958496353589	100.0	nan	1.2102350997070315	0.058812051507636243	186.49100000000001	16.52899821509564
3	92.400000000000006	9.6470587415379043	1.1551624405014038	0.068253171325086681	650.59845354375443	14.407156724688093	100.0	nan	1.1050551961669921	0.15694330961027014	296.55799999999999	16.982351663815507
4	83.200000000000003	18.390270106061806	1.0295863280044555	0.11157849929016161	948.79734171502264	25.448988340238884	100.0	nan	0.90446310184936518	0.10487122656634784	397.55799999999999	30.807974000606748
5	61.0	15.567702743501172	0.48221912660064692	0.0073723026355915211	1217.0741108131449	31.216988116462971	100.0	nan	0.48998983554840086	0.01426480705097527	466.83500000000004	33.64590647801316
6	nan	nan	nan	nan	nan	nan	nan	nan	nan	nan	nan	nan
