hops	PDR_BMRF_BROADCAST_1	CI	Energy_BMRF_BROADCAST_1	CI	Delay_BMRF_BROADCAST_1	CI	PDR_BMRF_UNICAST_1	CI	Energy_BMRF_UNICAST_1	CI	Delay_BMRF_UNICAST_1	CI
1	99.299999999999997	0.29938944395139799	1.2653101304603578	0.0065187158630426456	91.234977186089395	2.8891640483318781	100.0	nan	1.6370345588905333	0.12835375651499659	156.88249999999999	9.6853005418142857
2	90.700000000000003	6.0134847997947105	1.1601764252918243	0.038084367520613061	362.74436837637592	14.80425547441439	99.849999999999994	0.1496947219757061	1.6096454160667419	0.054448352515851228	374.45999963384531	39.810778708470423
3	86.700000000000003	6.1788967719348165	0.49202615950241091	0.0073339208464732186	634.5466037506601	14.391271893069984	99.8125	0.1472239717567021	0.51026646166648859	0.0059441575436810501	571.54391916338602	47.221789681811629
4	nan	nan	nan	nan	nan	nan	nan	nan	nan	nan	nan	nan
5	nan	nan	nan	nan	nan	nan	nan	nan	nan	nan	nan	nan
6	nan	nan	nan	nan	nan	nan	nan	nan	nan	nan	nan	nan
