hops	PDR_BMRF_BROADCAST_1	CI	Energy_BMRF_BROADCAST_1	CI	Delay_BMRF_BROADCAST_1	CI	PDR_BMRF_UNICAST_1	CI	Energy_BMRF_UNICAST_1	CI	Delay_BMRF_UNICAST_1	CI
1	99.166666666666671	0.26223435212072843	1.1603718992248535	0.01091523516279036	90.55177832226272	1.5566230872217517	100.0	nan	1.9916837691741942	0.17646648594761594	344.21300000000002	26.004835963140579
2	89.311111111111103	2.9334054882260716	0.50155217949117026	0.016192252168182653	365.55207602519488	4.7963312001201643	99.911111111111111	0.071124617427486214	0.53708192145792644	0.012339702425955834	564.69330858698345	46.817114985652097
3	nan	nan	nan	nan	nan	nan	nan	nan	nan	nan	nan	nan
4	nan	nan	nan	nan	nan	nan	nan	nan	nan	nan	nan	nan
5	nan	nan	nan	nan	nan	nan	nan	nan	nan	nan	nan	nan
6	nan	nan	nan	nan	nan	nan	nan	nan	nan	nan	nan	nan
