hops	PDR_BMRF_UNICAST_1	CI	Energy_BMRF_UNICAST_1	CI	Delay1_BMRF_UNICAST_1	CI	Delay2_BMRF_UNICAST_1	CI	Delay3_BMRF_UNICAST_1	CI
1	99.733333333333334	0.16296697156811035	0.8746356044433593	0.0034969033268741345	57.692999999999998	3.1904939536468149	124.59999999999999	11.407378409894079	280.51274005359721	41.685983045587932
2	99.62222222222222	0.11339117092623496	0.47045295982004803	0.010431977087749289	nan	nan	nan	nan	nan	nan
3	nan	nan	nan	nan	nan	nan	nan	nan	nan	nan
4	nan	nan	nan	nan	nan	nan	nan	nan	nan	nan
5	nan	nan	nan	nan	nan	nan	nan	nan	nan	nan
6	nan	nan	nan	nan	nan	nan	nan	nan	nan	nan
