hops	PDR_BMRF_BROADCAST_1	CI	Energy_BMRF_BROADCAST_1	CI	Delay_BMRF_BROADCAST_1	CI	PDR_BMRF_UNICAST_1	CI	Energy_BMRF_UNICAST_1	CI	Delay_BMRF_UNICAST_1	CI
1	99.5	0.2921741801921911	1.1329915300186157	0.013245272044918321	78.479943478093944	15.89691899521894	99.700000000000003	0.29938944395139799	0.78569284533004757	0.015278206807597172	111.48695845981175	20.814154774330177
2	99.049999999999997	0.34877814723495248	1.0720411425041199	0.013150629872829667	336.05332870729114	20.782863639048514	99.375	0.39504337051860716	0.74998628030891423	0.013407129742976753	240.60606289749495	20.194404379148523
3	92.4375	3.6271195294580707	0.44369686128616337	0.0087359208008210287	591.62027341715373	25.656847490969312	99.325000000000003	0.37459305138349919	0.45067875394763945	0.0087912848154980683	356.9594766733411	23.108009907069572
4	nan	nan	nan	nan	nan	nan	nan	nan	nan	nan	nan	nan
5	nan	nan	nan	nan	nan	nan	nan	nan	nan	nan	nan	nan
6	nan	nan	nan	nan	nan	nan	nan	nan	nan	nan	nan	nan
