hops	PDR_BMRF_UNICAST_1	CI	Energy_BMRF_UNICAST_1	CI	Delay_BMRF_UNICAST_1	CI
1	100.0	nan	1.9764651093429564	0.010154436471075945	157.09399999999999	8.4912739783069924
2	100.0	nan	6.356840192198181	4.3137275113138749	340.64999999999998	45.79316820671886
3	99.599999999999994	0.43336434262195667	11.056342134883117	5.5260022029567644	478.18951226551223	79.69290608198969
4	80.5	16.060090934301527	25.735399432897566	5.2596193180796433	779.54397992460099	202.69475372060651
5	66.125	19.716321626347792	31.804149894218444	4.4373066784843296	779.89777664784128	103.95989816044255
6	nan	nan	nan	nan	nan	nan
