hops	PDR_BMRF_UNICAST_1	CI	Energy_BMRF_UNICAST_1	CI	Delay_BMRF_UNICAST_1	CI
1	100.0	nan	2.0234978565834045	0.012366136722321119	184.46850000000001	16.229333943300958
2	99.775000000000006	0.22454208296355205	4.0850433483078001	0.5880757116716735	332.2744449837287	37.157393884008741
3	94.19285714285715	3.954782094877217	10.605752101236371	2.8296729467963253	475.17212465355277	50.071189294459998
4	nan	nan	nan	nan	nan	nan
5	nan	nan	nan	nan	nan	nan
6	nan	nan	nan	nan	nan	nan
