hops	PDR_BMRF_UNICAST_1	CI	Energy_BMRF_UNICAST_1	CI	Delay_BMRF_UNICAST_1	CI
1	97.666666666666671	nan	0.97043099008178724	1.1102230246251565e-16	168.90784982935153	nan
2	95.333333333333329	nan	0.88630165746561684	nan	267.58220024721879	nan
3	nan	nan	nan	nan	597.51020408163265	nan
4	nan	nan	nan	nan	nan	nan
5	nan	nan	nan	nan	nan	nan
6	nan	nan	nan	nan	nan	nan
