hops	PDR_BMRF_BROADCAST_1	CI	Energy_BMRF_BROADCAST_1	CI	Delay_BMRF_BROADCAST_1	CI
1	99.364999999999995	0.12368872532701403	1.1384574996643066	0.00096153228231554699	245.07007578472837	1.2083020907958826
2	98.592500000000001	0.16327909767784377	1.1337198535577775	0.00044202873897969397	710.83650953145752	1.2060622483544421
3	98.188749999999999	0.18282437990795586	1.1350981592639924	0.012491638138620864	1176.4467379394184	1.1962635908319044
4	nan	nan	nan	nan	nan	nan
5	nan	nan	nan	nan	nan	nan
6	nan	nan	nan	nan	nan	nan
