hops	PDR_BMRF_BROADCAST_1	CI	Energy_BMRF_BROADCAST_1	CI	Delay_BMRF_BROADCAST_1	CI
1	99.670000000000002	0.11837070601269772	1.1358781445663453	0.0007444119470845223	242.97325947227375	1.1403058378126616
2	99.290000000000006	0.17239176990507588	1.1346562466052246	0.00062063240897658467	708.56877692390447	1.2098661900389516
3	98.629999999999995	0.2608157648949998	1.1327416015791321	0.00049286133668036136	1174.0984001856359	1.2926044738705968
4	97.840000000000003	0.31972113981532857	1.1288466507682799	0.00037040600045967764	1639.9486111300375	1.3686234802487434
5	91.234693877551024	4.1067902979457926	2.2157454569797128	0.8091762973054335	2103.612253676019	4.0415475273084667
6	nan	nan	nan	nan	nan	nan
