hops	PDR_BMRF_BROADCAST_1	CI	Energy_BMRF_BROADCAST_1	CI	Delay_BMRF_BROADCAST_1	CI
1	98.796666666666667	0.11996260826715854	1.1431618471943663	0.00099436978817779575	244.33854873198288	1.1301866986719347
2	97.950000000000003	0.19633523140139175	1.129786036262207	0.00023661340264058417	709.71764478114312	1.131213628839987
3	nan	nan	nan	nan	nan	nan
4	nan	nan	nan	nan	nan	nan
5	nan	nan	nan	nan	nan	nan
6	nan	nan	nan	nan	nan	nan
