hops	PDR_BMRF_UNICAST_1	CI	Energy_BMRF_UNICAST_1	CI	Delay_BMRF_UNICAST_1	CI
1	97.86666666666666	0.70364860485308611	0.96614188959884628	0.0026023306969106264	177.37163611207365	12.578005146610167
2	92.691071428571433	2.2600075534857069	0.87017755055512025	0.0023486549334774676	314.07592837937153	16.880992615022819
3	83.5	30.379441760370838	0.86693427659606948	0.0036200899655913776	500.39626048736807	63.238611239111606
4	nan	nan	nan	nan	342.39999999999998	nan
5	nan	nan	nan	nan	nan	nan
6	nan	nan	nan	nan	nan	nan
