hops	PDR_BMRF_BROADCAST_1	CI	Energy_BMRF_BROADCAST_1	CI	Delay_BMRF_BROADCAST_1	CI	PDR_BMRF_UNICAST_1	CI	Energy_BMRF_UNICAST_1	CI	Delay_BMRF_UNICAST_1	CI
1	99.700000000000003	0.29938944395139799	1.0784851123809815	0.0071489334842362862	81.552101010101012	25.678713803464049	100.0	nan	0.60020585284423833	0.0059376926119565354	82.621000000000009	25.591343380185762
2	89.599999999999994	19.299426086143143	1.0252847007339478	0.11876686949601223	344.94530509173364	22.291148494818344	99.900000000000006	0.19599639845399963	0.60958194701385493	0.0088321334841908739	151.13453535353534	25.527019484073406
3	80.799999999999997	20.903832403211027	0.95546606738433826	0.12770252351653921	649.69150876108029	30.184323355209358	99.799999999999997	0.26132853127201372	0.59177627759399409	0.00498011005764043	259.27450505050507	26.593685972643243
4	80.599999999999994	20.835112668011902	0.91925759093627923	0.12353647803845824	919.08403685726319	40.810544999780404	99.599999999999994	0.32006077842368086	0.58120715963745118	0.0045090150039445165	358.33884848484848	33.301602490000789
5	85.777777777777771	13.601711429865389	0.43310972665913899	0.0051176072415136109	1185.2990425912024	36.503209095647662	99.599999999999994	0.32006077842368086	0.43606563506011964	0.0046641592573192781	433.46157575757582	31.723898521353476
6	nan	nan	nan	nan	nan	nan	nan	nan	nan	nan	nan	nan
