hops	PDR_BMRF_BROADCAST_1	CI	Energy_BMRF_BROADCAST_1	CI	Delay_BMRF_BROADCAST_1	CI	PDR_BMRF_UNICAST_1	CI	Energy_BMRF_UNICAST_1	CI	Delay_BMRF_UNICAST_1	CI
1	99.549999999999997	0.34104374575039742	1.1621902954582215	0.029595154195051876	73.411855845782782	19.20178854981846	99.799999999999997	0.21668217131097833	1.5779762991691588	0.099734395559126554	121.95630480686259	8.8240518837917534
2	94.325000000000003	4.903746722010041	1.1329501229164123	0.023741051128182811	339.36981366138082	25.281052582802886	99.525000000000006	0.28710852279360211	1.5165810005756377	0.056756975574546731	407.70769222650222	36.072682440615324
3	89.349999999999994	5.6844821999351041	0.48198219168376921	0.0034371217480332339	600.37547415047891	21.7982758428235	99.462500000000006	0.28536104141859653	0.50172970894660951	0.0074082367014021155	592.85756365180782	40.574872433975202
4	nan	nan	nan	nan	nan	nan	nan	nan	nan	nan	nan	nan
5	nan	nan	nan	nan	nan	nan	nan	nan	nan	nan	nan	nan
6	nan	nan	nan	nan	nan	nan	nan	nan	nan	nan	nan	nan
