hops	PDR_BMRF_UNICAST_1	CI	Energy_BMRF_UNICAST_1	CI	Delay_BMRF_UNICAST_1	CI
1	99.994949494949495	0.0098988080027311298	1.1988822783038977	0.00082998157598379585	173.52510253286633	4.013273742112716
2	99.782828282828277	0.061991665660954709	1.1923417754317773	0.00047439172757468562	316.13820413154656	8.7854902152203067
3	99.443722943722932	0.28891481718800094	1.1711890065842419	0.073890630003028424	449.76602195832004	10.543937262493444
4	nan	nan	nan	nan	nan	nan
5	nan	nan	nan	nan	nan	nan
6	nan	nan	nan	nan	nan	nan
