hops	PDR_BMRF_UNICAST_1	CI	Energy_BMRF_UNICAST_1	CI	Delay_BMRF_UNICAST_1	CI
1	97.57239057239056	0.11179365325185131	1.2261632515620993	0.00098569055357144997	182.40185980063541	3.6119836287392957
2	94.67789001122334	0.19773908518672556	1.1341651341069796	0.00026864602033671581	316.02783562067606	6.3639402223832917
3	nan	nan	nan	nan	nan	nan
4	nan	nan	nan	nan	nan	nan
5	nan	nan	nan	nan	nan	nan
6	nan	nan	nan	nan	nan	nan
