hops	PDR_BMRF_UNICAST_1	CI	Energy_BMRF_UNICAST_1	CI	Delay_BMRF_UNICAST_1	CI
1	97.5	0.27973548030249162	1.2256087479370117	0.0033852386295869508	184.19145410431219	9.9695049646170446
2	94.844444444444449	0.51350299075978967	1.1344091343770344	0.00090861744342940476	318.1146603799545	13.991972984217682
3	nan	nan	nan	nan	nan	nan
4	nan	nan	nan	nan	nan	nan
5	nan	nan	nan	nan	nan	nan
6	nan	nan	nan	nan	nan	nan
