hops	PDR_BMRF_UNICAST_1	CI	Energy_BMRF_UNICAST_1	CI	Delay_BMRF_UNICAST_1	CI
1	99.98989898989899	0.019797616005448049	1.1653217517875902	0.00059131923011235266	158.45741556983981	3.8440479567133252
2	99.98989898989899	0.019797616005448049	1.1636085534288811	0.00058412038563870894	310.75621671258034	17.928585101841463
3	99.919191919191917	0.053959205720573777	1.1613533934279934	0.00042975312291915202	473.79857157432912	24.116446404695694
4	99.828282828282823	0.084610911578849368	1.1634861708480373	0.0026410380170804881	637.5217580463468	25.930215060744786
5	95.865979381443296	3.5384654028205631	1.8972368794045986	0.7515602576377034	1056.6436743474251	371.39394065429838
6	nan	nan	nan	nan	nan	nan
