hops	PDR_BMRF_BROADCAST_1	CI	Energy_BMRF_BROADCAST_1	CI	Delay_BMRF_BROADCAST_1	CI	PDR_BMRF_UNICAST_1	CI	Energy_BMRF_UNICAST_1	CI	Delay_BMRF_UNICAST_1	CI
1	94.599999999999994	1.4261272843538961	1.1396635786689759	0.026275583464884233	70.331926160180757	14.406766492275565	96.268518518518519	1.5018344616270554	1.2065049087838067	0.1664856215573578	448.78411116510205	56.116252029270413
2	75.77559385059385	3.8044813955147276	0.73437071942188525	0.072127178265265601	617.8498271025037	31.351274116347895	85.5931861348528	4.1528556314608238	0.81032132442718896	0.087722215972106388	735.44560507115011	80.305661388931412
3	50.104285714285716	11.531555982914277	0.77004086420071194	0.084883109351499897	1033.5867305675526	53.459297943438969	82.886243386243393	5.9645181653610564	0.97000646034852289	0.22797379368996451	878.47714344074996	97.496478790530091
4	52.0	17.639675860860478	0.85113005795288088	0.03061527250680196	1184.0763027295284	65.129895012318229	90.277777777777771	2.1858890221367488	0.91550769857788072	0.25947243102736328	1190.9332762710346	255.16346170422685
5	nan	nan	nan	nan	nan	nan	88.0	nan	1.0864394042816161	nan	1394.0	nan
6	nan	nan	nan	nan	nan	nan	84.333333333333329	nan	1.0799429456176757	nan	2495.3333333333335	nan
