hops	PDR_BMRF_BROADCAST_1	CI	Energy_BMRF_BROADCAST_1	CI	Delay_BMRF_BROADCAST_1	CI	PDR_BMRF_UNICAST_1	CI	Energy_BMRF_UNICAST_1	CI	Delay_BMRF_UNICAST_1	CI
1	91.583333333333343	1.4907963071599397	1.1968335868530273	0.039883142087723478	80.198223742822904	25.616902799638467	87.611111111111114	3.8009167075785797	1.4289765792583888	0.27332641882291941	597.30823167572191	146.74203453472637
2	71.346428571428575	1.0310722853052567	1.1404293769743785	0.071866885061042884	501.17111950030733	40.837859316770505	79.161666666666662	8.0782448388088426	1.7141378352902987	0.23021410476054149	933.690676790358	209.45584294702223
3	46.308124963272022	2.1473201201117718	0.77176500674701143	0.098873796884372478	811.85792702952244	41.4331005619797	72.708552631578954	6.7244477032173933	1.0244292522496947	0.16967527508825597	1166.528468403867	214.97746403235374
4	25.756813578578281	3.295130998068764	0.64978633670382546	0.071793416296942469	1128.1698481565384	50.313610427115464	70.306108336108338	6.5710473701892909	0.87780456618840308	0.13511687627096425	1397.3074621934982	336.11509721201924
5	17.969047619047618	6.8384796007655666	0.73494136482849115	0.16450230517572317	1445.4988815603344	99.702759655491263	72.37777777777778	8.6615669633043524	1.0421411903025308	0.2685961316764176	1530.4788477149918	320.72813507642695
6	17.5	nan	0.510352679397583	nan	1579.6193181818182	89.527285428720006	68.599999999999994	23.784306295021864	1.5731214217956544	0.66213485251376136	2092.8978382759851	721.60262822542791
