hops	PDR_BMRF_UNICAST_1	CI	Energy_BMRF_UNICAST_1	CI	Delay_BMRF_UNICAST_1	CI
1	97.433333333333323	0.40214509049529568	1.2345703403427124	0.0039431515590964139	184.87919819443795	14.617001527861504
2	94.25277777777778	0.94111599361336573	1.1391253430891035	0.001194259949933496	323.05870558063714	21.892924485738718
3	96.0	nan	1.1425493545074461	nan	471.61479700854699	91.233491823322481
4	nan	nan	nan	nan	nan	nan
5	nan	nan	nan	nan	nan	nan
6	nan	nan	nan	nan	nan	nan
