hops	PDR_BMRF_UNICAST_1	CI	Energy_BMRF_UNICAST_1	CI	Delay_BMRF_UNICAST_1	CI
1	100.0	nan	1.6850206983123779	0.01126760625094847	166.00399999999999	9.5164082684827633
2	100.0	nan	2.6893441396865843	0.014047303043560166	251.416	16.127596910946863
3	99.888888888888886	0.21777377605999959	9.2991603780263254	4.3551756925143223	348.88685746352417	20.40421774603999
4	95.666666666666671	8.2510112639516535	16.390596219472247	5.4398441661023362	449.61502914449153	29.743588074006425
5	92.333333333333329	13.373154061073407	18.881452951700847	5.7231166073618915	572.65139447228285	54.72931725027172
6	nan	nan	nan	nan	nan	nan
