hops	PDR_BMRF_UNICAST_1	CI	Energy_BMRF_UNICAST_1	CI	Delay_BMRF_UNICAST_1	CI
1	99.900000000000006	0.13066426563599975	0.9313319906021118	0.0020521796079623345	183.40374371859295	9.2553945894931644
2	99.700000000000003	0.26132853127201372	0.92453685305328359	0.0013319369862728747	340.38456913354651	22.564415281829611
3	99.5	0.30337262716412283	0.86375353570804592	0.00061609026508435694	481.31318864040941	26.948584434212137
4	nan	nan	nan	nan	nan	nan
5	nan	nan	nan	nan	nan	nan
6	nan	nan	nan	nan	nan	nan
