hops	PDR_BMRF_UNICAST_1	CI	Energy_BMRF_UNICAST_1	CI	Delay_BMRF_UNICAST_1	CI
1	100.0	nan	0.89397477806396475	0.0016224004272685777	159.334	17.274771212494471
2	100.0	nan	0.89241804228057864	0.0015755743887869711	247.209	48.233966926851735
3	100.0	nan	0.89077465778961185	0.0010624920054069786	422.02600000000001	15.713722341728499
4	99.900000000000006	0.19599639845399963	0.88966478424682616	0.0010782729809101221	635.06789898989905	39.339860808272419
5	99.900000000000006	0.19599639845399963	0.86264602657470701	0.0006930503599953397	724.83346464646468	58.010298820790126
6	nan	nan	nan	nan	nan	nan
