hops	PDR_BMRF_UNICAST_1	CI	Energy_BMRF_UNICAST_1	CI	Delay_BMRF_UNICAST_1	CI
1	97.466666666666669	0.3401735127787191	0.95820448223876953	0.0017131502826558398	188.41148281722624	8.8673480244203233
2	94.555555555555557	0.44983157755793002	0.86454590131276454	0.00064226841058412365	322.81372654805585	12.4518761958347
3	nan	nan	nan	nan	nan	nan
4	nan	nan	nan	nan	nan	nan
5	nan	nan	nan	nan	nan	nan
6	nan	nan	nan	nan	nan	nan
