hops	PDR_BMRF_BROADCAST_1	CI	Energy_BMRF_BROADCAST_1	CI	Delay_BMRF_BROADCAST_1	CI	PDR_BMRF_UNICAST_1	CI	Energy_BMRF_UNICAST_1	CI	Delay_BMRF_UNICAST_1	CI
1	96.716666666666669	1.0646999778042243	1.0386339573951722	0.0064758306814374222	81.429095736046605	9.3453689862838871	98.11666666666666	0.79427741804630614	0.87328957826690679	0.048065656018678404	184.65803717433829	26.297667357124027
2	83.303373015873007	6.4481518435303116	0.52758048539684843	0.06704524828115721	530.11744068608243	23.469214402115313	96.099999999999994	2.099135732159624	0.4989196058745321	0.047764104117116513	382.27032755212412	25.830922608564777
3	65.904761904761898	13.073396798583843	0.62498197356632779	0.087796771679928276	898.07355713439563	114.79656604309355	95.016666666666666	4.0486159824714036	0.62475463750534055	0.13815007733775142	514.00572362384844	131.24618072787246
4	nan	nan	nan	nan	nan	nan	nan	nan	nan	nan	nan	nan
5	nan	nan	nan	nan	nan	nan	nan	nan	nan	nan	nan	nan
6	nan	nan	nan	nan	nan	nan	nan	nan	nan	nan	nan	nan
