hops	PDR_BMRF_BROADCAST_1	CI	Energy_BMRF_BROADCAST_1	CI	Delay_BMRF_BROADCAST_1	CI	PDR_BMRF_UNICAST_1	CI	Energy_BMRF_UNICAST_1	CI	Delay_BMRF_UNICAST_1	CI
1	99.388888888888886	0.39259725801788647	1.126626494430542	0.0075677959528834826	77.678648751600093	18.454637111383221	99.722222222222229	0.33116654127483969	0.78103142626614042	0.010441673700593235	114.63855617625637	22.935161661095322
2	98.227777777777774	1.7474903820519643	1.0697048116373697	0.012909585695887626	359.39216706848782	68.468857891942719	99.416666666666671	0.43978037803317704	0.75189997970708211	0.014205544335605502	242.2984861123897	23.432947890179378
3	92.472222222222229	4.1514464813065501	0.44403566012318929	0.0097290625747649129	616.13068127433826	75.254947242446633	99.347222222222229	0.44125227440076742	0.45064853920809422	0.00963249272333766	359.1223407547763	26.893168212856153
4	nan	nan	nan	nan	nan	nan	nan	nan	nan	nan	nan	nan
5	nan	nan	nan	nan	nan	nan	nan	nan	nan	nan	nan	nan
6	nan	nan	nan	nan	nan	nan	nan	nan	nan	nan	nan	nan
