hops	PDR_BMRF_BROADCAST_1	CI	Energy_BMRF_BROADCAST_1	CI	Delay_BMRF_BROADCAST_1	CI	PDR_BMRF_UNICAST_1	CI	Energy_BMRF_UNICAST_1	CI	Delay_BMRF_UNICAST_1	CI
1	99.599999999999994	0.43336434262195667	1.0930382860839845	0.0079655200426937967	76.155574108431253	25.947116882916518	99.900000000000006	0.19599639845399963	0.9529723880767822	0.090087928131714179	78.171909090909097	26.131647618215098
2	99.400000000000006	0.52265706254401323	1.1799779264190673	0.014915449559612659	337.2000346320346	34.17428445716115	99.799999999999997	0.26132853127201372	1.0995880012069701	0.16467779293364737	153.95713131313133	32.121833524641687
3	99.200000000000003	0.48890091470434527	1.1443104913238524	0.016098119215326667	608.21159018759022	50.547033085554403	99.799999999999997	0.26132853127201372	0.90056450206604011	0.12831554837499681	242.3139595959596	54.041833173832515
4	89.799999999999997	12.024662573682761	1.033892043649292	0.078363099373702116	863.45928668974614	44.772155547382567	99.799999999999997	0.26132853127201372	0.95588518357086172	0.11060226227631231	300.58591919191917	46.867487981083514
5	80.599999999999994	12.783079506017742	0.47335187291564945	0.0071947023721866121	1130.7424724112279	51.594216097577601	99.799999999999997	0.26132853127201372	0.48792847824554447	0.018147432151393417	376.68917171717169	53.938698039087171
6	nan	nan	nan	nan	nan	nan	nan	nan	nan	nan	nan	nan
