hops	PDR_BMRF_BROADCAST_1	CI	Energy_BMRF_BROADCAST_1	CI	Delay_BMRF_BROADCAST_1	CI	PDR_BMRF_UNICAST_1	CI	Energy_BMRF_UNICAST_1	CI	Delay_BMRF_UNICAST_1	CI
1	99.266666666666666	0.37467217126005892	1.0867579099349975	0.021213735869746841	76.610300032760193	13.837599753647396	99.833333333333343	0.1088868880299998	1.8979180254013059	0.06848074364021528	162.37285730211818	21.04601521460819
2	96.022222222222226	2.7085003903697498	0.51181856764322919	0.030134791569080832	337.45581173830499	20.392873270951611	99.733333333333334	0.13066426563599975	0.55505740592956543	0.029090795328119867	464.87127413418392	57.409320311333829
3	nan	nan	nan	nan	nan	nan	nan	nan	nan	nan	nan	nan
4	nan	nan	nan	nan	nan	nan	nan	nan	nan	nan	nan	nan
5	nan	nan	nan	nan	nan	nan	nan	nan	nan	nan	nan	nan
6	nan	nan	nan	nan	nan	nan	nan	nan	nan	nan	nan	nan
