hops	PDR_BMRF_BROADCAST_1	CI	Energy_BMRF_BROADCAST_1	CI	Delay_BMRF_BROADCAST_1	CI	PDR_BMRF_UNICAST_1	CI	Energy_BMRF_UNICAST_1	CI	Delay_BMRF_UNICAST_1	CI
1	97.466666666666669	0.96510890601759058	1.0466963540206911	0.023570013399511591	70.401089238033521	9.1813231212632758	96.233333333333334	2.4133618725789603	0.87932926206359863	0.032927944054402136	188.63385446507732	26.571507029992915
2	85.976587301587301	4.8050372796874683	0.47788273390363056	0.05355983434206224	529.48240573525607	12.875601234455303	94.439880952380946	2.5627485237523189	0.48062992882780342	0.060907644706409636	404.04521230741221	35.880457512474095
3	58.916666666666664	10.141485323393816	0.59521505818557741	0.1042606058040052	896.70276719771425	41.853856363859563	87.0	6.77940343175176	0.58666200808606828	0.095673494804845216	538.21350012007588	68.366303592949862
4	nan	nan	nan	nan	nan	nan	nan	nan	nan	nan	nan	nan
5	nan	nan	nan	nan	nan	nan	nan	nan	nan	nan	nan	nan
6	nan	nan	nan	nan	nan	nan	nan	nan	nan	nan	nan	nan
