hops	PDR_BMRF_BROADCAST_1	CI	Energy_BMRF_BROADCAST_1	CI	Delay_BMRF_BROADCAST_1	CI
1	94.5	2.050430019500979	1.143857239590454	0.0025873687578468196	244.29344733556096	4.5491388257538858
2	1.0	nan	1.1262145956726073	nan	1039.0	nan
3	nan	nan	nan	nan	nan	nan
4	nan	nan	nan	nan	nan	nan
5	nan	nan	nan	nan	nan	nan
6	nan	nan	nan	nan	nan	nan
