hops	PDR_BMRF_BROADCAST_1	CI	Energy_BMRF_BROADCAST_1	CI	Delay_BMRF_BROADCAST_1	CI	PDR_BMRF_UNICAST_1	CI	Energy_BMRF_UNICAST_1	CI	Delay_BMRF_UNICAST_1	CI
1	98.86666666666666	0.49850695873440998	1.0327180618789673	0.019360458782320178	71.688730683269526	10.735882034725293	99.76666666666668	0.19599639845399963	0.84477720670166012	0.016995142783108652	180.73147978108847	22.190103029136196
2	89.408333333333331	5.0262570310466828	0.38664689142443337	0.025626905020144752	517.0985652968352	28.462867798929551	99.488888888888894	0.26213385993381166	0.38552890057779948	0.0047933617879578061	375.79752092654434	21.315189090288868
3	94.0	nan	0.40463155000305168	nan	806.74269005847952	nan	nan	nan	nan	nan	481.6754966887417	nan
4	nan	nan	nan	nan	nan	nan	nan	nan	nan	nan	nan	nan
5	nan	nan	nan	nan	nan	nan	nan	nan	nan	nan	nan	nan
6	nan	nan	nan	nan	nan	nan	nan	nan	nan	nan	nan	nan
