hops	PDR_BMRF_BROADCAST_1	CI	Energy_BMRF_BROADCAST_1	CI	Delay_BMRF_BROADCAST_1	CI
1	98.366666666666674	0.62702209801720699	1.1482511427810667	0.0041510225412186852	241.98740475057008	3.8036029195426124
2	96.287499999999994	0.99490790674560969	1.1350522389604567	0.00095816562451789267	708.04957811424299	3.7087486103703213
3	94.0	3.9199279690801063	1.13836145173645	0.0031323557871170138	1182.6462121212121	12.388877674430205
4	nan	nan	nan	nan	nan	nan
5	nan	nan	nan	nan	nan	nan
6	nan	nan	nan	nan	nan	nan
